STATE,ST_CASE,VE_TOTAL,VE_FORMS,PVH_INVL,PEDS,PERNOTMVIT,PERMVIT,PERSONS,COUNTY,CITY,DAY,MONTH,YEAR,DAY_WEEK,HOUR,MINUTE,NHS,ROAD_FNC,ROUTE,TWAY_ID,TWAY_ID2,MILEPT,LATITUDE,LONGITUD,SP_JUR,HARM_EV,MAN_COLL,RELJCT1,RELJCT2,TYP_INT,WRK_ZONE,REL_ROAD,LGT_COND,WEATHER1,WEATHER2,WEATHER,SCH_BUS,RAIL,NOT_HOUR,NOT_MIN,ARR_HOUR,ARR_MIN,HOSP_HR,HOSP_MN,CF1,CF2,CF3,FATALS,DRUNK_DR
6,62315,1,1,0,1,1,2,2,59,1345,6,12,2013,6,19,16,0,13,6,WARNER AVE,SAN RICARDO ST,0,33.71625833,-117.9440889,0,8,0,0,3,3,0,1,3,1,0,1,0,0,99,99,99,99,99,99,0,0,0,1,0
32,320032,2,2,0,0,0,2,2,3,0,10,3,2013,1,14,50,1,11,1,I-15/US-93,NA,560,36.22338611,-115.1199611,0,12,6,0,1,1,0,1,1,1,0,1,0,0,14,51,14,59,15,18,0,0,0,1,1
6,62713,1,1,0,0,0,2,2,105,0,22,12,2013,1,12,5,0,2,3,SR-36,NA,181,40.37246111,-123.3084111,0,1,0,0,1,1,0,5,1,1,0,1,0,0,99,99,99,99,99,99,0,0,0,1,0